{"iterations": 2, "learning_rate": 0.999000499833375, "exploration_rate": 0.999000499833375}